Time:,20.04.2020 23:08:21,...3,...4,...5,...6,...7,...8,...9,...10,...11,...12,...13
Query:,AItechniqueSearchMethods,,,,,,,,,,,
Offices:,"EP,WO",,,,,,,,,,,
SortBy:,Relevance,,,,,,,,,,,
,,,,,,,,,,,,
Application Id,Application Number,Application Date,Publication Number,Publication Date,Country,Title,Abstract,I P C,Applicants,Inventors,Priorities Data,National Phase Entries
WO2018057978,PCT/US2017/053086,22.09.2017,WO/2018/057978,29.03.2018,WO,DECISION MAKING FOR AUTONOMOUS VEHICLE MOTION CONTROL,"A behavior planner for a vehicle generates a plurality of conditional action sequences of the vehicle using a tree search algorithm and heuristics obtained from one or more machine learning models. Each sequence corresponds to a sequence of anticipated states of the vehicle. At least some of the action sequences are provided to a motion selector of the vehicle. The motion selector generates motion-control directives based on the received conditional action sequences and on data received from one or more sensors of the vehicle, and transmits the directives to control subsystems of the vehicle.",G05D 1/02; G06N 3/02; G05B 13/00; G05D 1/00; G06N 7/00,APPLE INC.,"REDDING, Joshua D.; JOHNSON, Luke B.; LEVIHN, Martin; MEULEAU, Nicolas F.; BRECHTEL, Sebastian","62/398,938 23.09.2016 US",CN-201780058418.X; EP-2017777762
WO2013182915,PCT/IB2013/001986,30.05.2013,WO/2013/182915,12.12.2013,WO,TEMPORAL PREDICTIVE ANALYTICS,"A fuzzy complex event processing (CEP) system successfully processing noisy, incomplete, multi-source data in support of near real-time decision-making. The fuzzy CEP solution of the present invention supports decision-making by identifying and exploiting patterns hidden in complex data and can operate in a forensic mode against historical data, near real-time mode for proactive decision-making, or any combination thereof. Fusion algorithms and techniques are applied to observation data that may only partially satisfy an event description in time, space, or other relevant dimensions. Using context propagation, Bayesian reasoning, and spatiotemporal analysis, the present invention provides both predictive awareness of upcoming events and likelihood analysis for events that may have already occurred, but were not evident in the collected data, while at the same time minimizing false detections.",G06N 7/00; G06N 5/04,"INTELLIGENT SOFTWARE SOLUTIONS, INC.","GERKEN, Mark; PAVLIK, Rick; DALY, Kevin","61/655,407 04.06.2012 US; 13/906,101 30.05.2013 US",
WO2018053438,PCT/US2017/052087,18.09.2017,WO/2018/053438,22.03.2018,WO,SYSTEM AND METHOD FOR OPTIMIZING COMMUNICATIONS USING REINFORCEMENT LEARNING,"A system and method for automatically optimizing states of communications and operations in a contact center, using a reinforcement learning module comprising a reinforcement learning server and an optimization server introduced to existing infrastructure of the contact center, that, through use of a model set up as a partially observable Markov chain with a Baum- Welch algorithm used to infer parameters and rewards added to form a partially observable Markov decision process, is solved to provide an optimal action policy to use in each state of a contact center, thereby ultimately optimizing states of communications and operations for an overall return.",G06N 3/08; G06N 99/00,NEWVOICEMEDIA US INC.,"MCCORD, Alan","15/268,611 18.09.2016 US",EP-2017851731
WO2016057001,PCT/SG2015/050383,09.10.2015,WO/2016/057001,14.04.2016,WO,A COMPUTER IMPLEMENTED METHOD AND SYSTEM FOR AUTOMATICALLY MODELLING A PROBLEM AND ORCHESTRATING CANDIDATE ALGORITHMS TO SOLVE THE PROBLEM,"A computer implemented method for automatically modelling a problem and orchestrating algorithms to obtain a solution to the problem is described, the method comprising the steps of establishing that a task has to be performed to solve the problem; deriving at least one subtask from the task; and selecting a plurality of candidate algorithms based on the at least one subtask. The method further comprises the steps of training the plurality of selected candidate algorithms to obtain training statistics and building a template POMDP model based on the plurality of selected candidate algorithms and the training statistics. The method further comprises the steps of parametrizing the template POMDP model into POMDP model parameters; and implementing a genetic algorithm to optimize the POMDP model parameters, wherein the solution to the problem is derived from the optimized POMDP model parameters.",G06F 17/00,CLOUDRADIGM PTE. LTD.,"LEE, Yew Chuoh; WON, Kok Sung",10201406480Y 09.10.2014 SG,
WO2020041237,PCT/US2019/047152,20.08.2019,WO/2020/041237,27.02.2020,WO,BRAIN OPERATING SYSTEM,"Embodiments may provide an intelligent adaptive system that combines input data types, processing history and objectives, research knowledge, and situational context to determine the most appropriate mathematical model, choose the computing infrastructure, and propose the best solution for a given problem. For example, a method implemented in a computer may comprise receiving, at the computer system, data relating to a problem to be solved, generating, at the computer system, a description of the problem, wherein the description conforms to defined format, obtaining, at the computer system, at least one machine learning model relevant to the problem, selecting, at the computer system, computing infrastructure upon which to execute the at least one machine learning model relevant to the problem, and executing, at the computer system, the at least one machine learning model relevant to the problem using the selected computing infrastructure to generate at least one recommendation relevant to the problem.",G06N 3/00; G06N 20/00; G06N 99/00,"HOWARD, Newton","HOWARD, Newton","16/545,205 20.08.2019 US; 62/719,849 20.08.2018 US; 62/726,699 04.09.2018 US; 62/783,050 20.12.2018 US",
WO2013010262,PCT/CA2012/000685,19.07.2012,WO/2013/010262,24.01.2013,WO,METHOD AND SYSTEM OF CLASSIFICATION IN A NATURAL LANGUAGE USER INTERFACE,"A method and system are provided for processing natural language user queries for commanding a user interface to perform functions. Individual user queries are classified in accordance with the types of functions and a plurality of user queries may be related to define a particular command. To assist with classification, a query type for each user query is determined where the query type is one of a functional query requesting a particular new command to perform a particular type of function, an entity query relating to an entity associated with the particular new command having the particular type of function and a clarification query responding to a clarification question posed to clarify a prior user query having the particular type of function. Functional queries may be processed using a plurality of natural language processing techniques and scores from each technique combined to determine which type of function is commanded.",G06F 17/30; G06F 17/27,"SULEMAN, Kaheer; PANTONY, Joshua R.; HSU, Wilson; WU, Zhiyuan; TREGENZA, Phil; PASUPALAK, Sam","SULEMAN, Kaheer; PANTONY, Joshua R.; HSU, Wilson; WU, Zhiyuan; TREGENZA, Phil; PASUPALAK, Sam","2,747,153 19.07.2011 CA; 61/596,407 08.02.2012 US",US-14233640; EP-2012814991
EP276032574,19157204,14.02.2019,3564861,06.11.2019,EP,VISION-BASED SAMPLE-EFFICIENT REINFORCEMENT LEARNING FRAMEWORK FOR AUTONOMOUS DRIVING,,G06N 3/00; G06N 5/04; G06N 20/00,SONY CORP,CHIANG SU-HUI; LIU MING-CHANG,201815943223 02.04.2018 US,
WO2019154944,PCT/EP2019/053066,07.02.2019,WO/2019/154944,15.08.2019,WO,DISTRIBUTED MACHINE LEARNING SYSTEM,"There is provided a computer-implemented method of determining policy parameters for multiple reinforcement learning tasks. The policy parameters for each task depend on a common set of parameters shared by the tasks and a task-specific set of parameters. The method includes each of a plurality of processors receiving trajectory data from a subset of the tasks, and determining a local version of the common set of parameters as well as the task-specific set of parameters for each task in the subset. Determining the local version includes iteratively determining partial input data and taking part in a distributed computation with the other processors to determine, using the partial input data, a first set of intermediate variables. The method then includes updating the local version of the common set of parameters using a subset of the first set of intermediate variables. The local versions of the common set of parameters converge.",G06N 3/00; G06N 7/00; G06N 99/00; G06N 20/00,PROWLER.IO LIMITED,"BOU-AMMAR, Haitham; TUTUNOV, Rasul; KIM, Dongho; TOMCZAK, Marcin",18275016.6 08.02.2018 EP,
WO2017159126,PCT/JP2017/004463,07.02.2017,WO/2017/159126,21.09.2017,WO,DIRECT INVERSE REINFORCEMENT LEARNING WITH DENSITY RATIO ESTIMATION,"A method of inverse reinforcement learning for estimating reward and value functions of behaviors of a subject includes: acquiring data representing changes in state variables that define the behaviors of the subject; applying a modified Bellman equation given by Eq. (1) to the acquired data: where r(x) and V(x) denote a reward function and a value function, respectively, at state x, and γ represents a discount factor, and b(y | x) and π(y | x) denote state transition probabilities before and after learning, respectively; estimating a logarithm of the density ratio π(x)/b(x) in Eq. (2); estimating r(x) and V(x) in Eq. (2) from the result of estimating a log of the density ratio π(x, y)/b(x, y); and outputting the estimated r(x) and V(x).",G06N 99/00,OKINAWA INSTITUTE OF SCIENCE AND TECHNOLOGY SCHOOL CORPORATION,"UCHIBE, Eiji; DOYA, Kenji","62/308,722 15.03.2016 US",EP-2017766134; JP-2018546050; KR-1020187026764
WO2018212918,PCT/US2018/028743,21.04.2018,WO/2018/212918,22.11.2018,WO,HYBRID REWARD ARCHITECTURE FOR REINFORCEMENT LEARNING,"Aspects provided herein are relevant to machine learning techniques, including decomposing single-agent reinforcement learning problems into simpler problems addressed by multiple agents. Actions proposed by the multiple agents are then aggregated using an aggregator, which selects an action to take with respect to an environment. Aspects provided herein are also relevant to a hybrid reward model.",G06N 3/04; G06N 3/08; G06N 3/00,"MICROSOFT TECHNOLOGY LICENSING, LLC","VAN SEIJEN, Harm Hendrik; FATEMI BOOSHEHRI, Seyed Mehdi; LAROCHE, Romain Michel Henri; ROMOFF, Joshua Samuel","62/508,340 18.05.2017 US; 62/524,461 23.06.2017 US; 15/634,914 27.06.2017 US",EP-2018723249
EP240631210,18165197,29.03.2018,3467718,10.04.2019,EP,MACHINE LEARNING SYSTEM,"There is described a reinforcement learning system comprising an environment, and agent, and a learning routine. The environment has multiple possible states. The agent is arranged to receive state information indicative of a current state of the environment and to generate an action signal dependent on the state information and a policy associated with the agent, where the action signal is operable to cause a change in a state of the environment. The agent is further arranged to generate experience data dependent on the state information and information conveyed by the action signal. The learning routine is configured to process the experience data in order to update the policy associated with the agent. The reinforcement learning system further comprises a probabilistic model operable to generate, dependent on the current state of the environment, probabilistic data relating to future states of the environment, and the agent is further arranged to generate the action signal in dependence on the probabilistic data.",G06N 3/00; G06N 3/04; G06N 3/08; G06N 7/00,PROWLER IO LTD,ELEFTHERIADIS STEFANOS; HENSMAN JAMES; JOHN SEBASTIAN; SALIMBENI HUGH,17275185 21.11.2017 EP; 20170100448 04.10.2017 GR; 20180100074 20.02.2018 GR,
EP250371255,18275016,08.02.2018,3525136,14.08.2019,EP,DISTRIBUTED MACHINE LEARNING SYSTEM,,G06N 3/00; G06N 7/00; G06N 99/00,PROWLER IO LTD,BOU-AMMAR HAITHAM; TUTUNOV RASUL; KIM DONGHO; TOMCZAK MARCIN,18275016 08.02.2018 EP,
WO2018126286,PCT/US2018/012120,02.01.2018,WO/2018/126286,05.07.2018,WO,SYSTEM AND METHOD FOR OPTIMIZING COMMUNICATION OPERATIONS USING REINFORCEMENT LEARING,"A system and method for automatically optimizing states of communications and operations in a contact center, using a reinforcement learning module comprising a reinforcement learning server and an optimization server introduced to existing infrastructure of the contact center, that, through use of a model set up a fully observable Markov decision process within a known time period, a resulting hyper-policy is computed through backwards induction to provide an optimal action policy to use in each state of a contact center, thereby ultimately optimizing states of communications and operations for an overall return over the time period considered.",G06Q 10/06; G06N 99/00,NEWVOICEMEDIA US INC.,"MCCORD, Alan","15/442,667 25.02.2017 US; 62/441,538 02.01.2017 US",
WO2018044633,PCT/US2017/048098,23.08.2017,WO/2018/044633,08.03.2018,WO,END-TO-END LEARNING OF DIALOGUE AGENTS FOR INFORMATION ACCESS,"Described herein are systems, methods, and techniques by which a processing unit can build an end-to-end dialogue agent model for end-to-end learning of dialogue agents for information access and apply the end-to-end dialogue agent model with soft attention over knowledge base entries to make the dialogue system differentiable. In various examples the processing unit can apply the end-to-end dialogue agent model to a source of input, fill slots for output from the knowledge base entries, induce a posterior distribution over the entities in a knowledge base or induce a posterior distribution of a target of the requesting user over entities from a knowledge base, develop an end-to-end differentiable model of a dialogue agent, use supervised and/or imitation learning to initialize network parameters, calculate a modified version of an episodic algorithm, e.g., the REINFORCE algorithm, for training an end-to-end differentiable model based on user feedback.",G06N 3/02; G06N 3/04; G06F 17/30,"MICROSOFT TECHNOLOGY LICENSING, LLC","LI, Lihong; DHINGRA, Bhuwan; GAO, Jianfeng; LI, Xiujun; CHEN, Yun-Nung; DENG, Li; AHMED, Faisal","62/382,194 31.08.2016 US; 15/406,425 13.01.2017 US",
WO2019068837,PCT/EP2018/077062,04.10.2018,WO/2019/068837,11.04.2019,WO,MACHINE LEARNING SYSTEM,"There is described a reinforcement learning system comprising an environment, and agent, and a policy learner. The environment has multiple possible states. The agent is arranged to receive state information indicative of a current state of the environment and to generate an action signal dependent on the state information and a policy associated with the agent, where the action signal is operable to cause a change in a state of the environment. The agent is further arranged to generate experience data dependent on the state information and information conveyed by the action signal. The policy learner is configured to process the experience data in order to update the policy associated with the agent. The reinforcement learning system further comprises a probabilistic model arranged to generate, dependent on the current state of the environment, probabilistic data relating to future states of the environment, and the agent is further arranged to generate the action signal in dependence on the probabilistic data.",G06N 3/00; G06N 3/04; G06N 3/08; G06N 7/00,PROWLER.IO LIMITED,"ELEFTHERIADIS, Stefanos; HENSMAN, James; JOHN, Sebastian; SALIMBENI, Hugh",20170100448 04.10.2017 GR; 17275185.1 21.11.2017 EP; 20180100074 20.02.2018 GR; 18165197.7 29.03.2018 EP,
WO2010075310,PCT/US2009/069059,21.12.2009,WO/2010/075310,01.07.2010,WO,NEURAL NETWORK BASED PATTERN RECOGNIZER,"An image-based pattern recognizer and a method and apparatus for making such a pattern recognizer are disclosed. By employing positional coding, the meaning of any feature present in an image can be defined implicitly in space. The pattern recognizer can be a neural network including a plurality of stages of observers. The observers are configured to cooperate to identify the presence of features in the input image and to recognize a pattern in the input image based on the features. Each of the observers includes a plurality of neurons. The input image includes a plurality of units, and each of the observers is configured to generate a separate output set that includes zero or more coordinates of such units.",G06T 7/40; G06T 7/00,"FIVE APES, INC.; PAQUIER, Williams J. F.","PAQUIER, Williams J. F.","12/344,344 26.12.2008 US",EP-2009835720
WO2019222597,PCT/US2019/032823,17.05.2019,WO/2019/222597,21.11.2019,WO,SYSTEM AND METHODS FOR PIXEL BASED MODEL PREDICTIVE CONTROL,"Techniques are disclosed that enable model predictive control of a robot based on a latent dynamics model and a reward function. In many implementations, the latent space can be divided into a deterministic portion and stochastic portion, allowing the model to be utilized in generating more likely robot trajectories. Additional or alternative implementations include many reward functions, where each reward function corresponds to a different robot task.",B25J 9/16; G05B 13/04,GOOGLE LLC,"HAFNER, Danijar","62/673,744 18.05.2018 US",
WO2020025633,PCT/EP2019/070540,30.07.2019,WO/2020/025633,06.02.2020,WO,INCENTIVE CONTROL FOR MULTI-AGENT SYSTEMS,"A machine learning system comprises: a set of agents, each having associated processing circuitry and associated memory circuitry, the associated memory circuitry of each agent holding a respective policy for selecting an action in dependence on the agent making an observation of an environment; and a meta-agent having associated processing circuitry and associated memory circuitry. The associated memory circuitry of each agent further holds program code which, when executed by the associated processing circuitry of that agent, causes that agent to update iteratively the respective policy of that agent, each iteration of the updating comprising, for each of a sequence of time steps: making an observation of the environment; selecting and performing an action depending on the observation and the respective policy; and determining a reward in response to performing the selected action, the reward depending on a reward modifier parameter. Each iteration of the updating further includes: generating trajectory data dependent on the observations made, the actions performed, and the rewards determined at each of the sequence of time steps; and updating the respective policy using the sequentially generated trajectory data. The iterative updating causes the respective policy of each of the agents to converge towards a respective stationary policy, thereby substantially inducing equilibrium behaviour between the agents. The associated memory circuitry of the meta-agent holds program code which, when executed by the associated processing circuitry of the meta-agent, causes the agent to: determine a system reward depending on the equilibrium behaviour of the agents; determine, using the determined system reward, an estimated system value associated with the equilibrium behaviour of the agents; and determine, using the estimated system value, a revised reward modifier parameter for determining subsequent reward signals for the plurality of agents.",G06F 9/54; G06N 3/00; G06N 3/08; G06N 7/00,PROWLER.IO LIMITED,"MGUNI, David; CEPPI, Sofia; MACUA, Sergio Valcarel; MUNOZ DE COTE, Enrique",18186631.0 31.07.2018 EP,
WO2015054240,PCT/US2014/059480,07.10.2014,WO/2015/054240,16.04.2015,WO,"COMPUTER IMPLEMENTED METHOD, COMPUTER SYSTEM AND SOFTWARE FOR REDUCING ERRORS ASSOCIATED WITH A SITUATED INTERACTION","A computer implemented method and computer system for reducing errors associated with a situated interaction performed by at least two agents of a sociotechnical team and for augmenting situation awareness of the at least two agents. Also, a non-transitory computer- readable storage medium used to store instructions relating to the computer method and the computer system. The situated interaction can be surgery and the at least two agents can be members of a surgical team.",G06F 17/28,"PRESIDENT AND FELLOWS OF HARVARD COLLEGE; VETERANS AFFAIRS, THE UNITED STATES GOVERNMENT AS REPRESENTED BY THE DEPARTMENT OF","ZENATI, Marco; MARON, Jason","61/887,559 07.10.2013 US",EP-2014852109
WO2000070481,PCT/US2000/013360,15.05.2000,WO/2000/070481,23.11.2000,WO,INTELLIGENT COMPUTER SYSTEM,"An intelligent computer system (180) is capable of real time learning, inference and updating of user profiles and trends to facilitate on-line, real-time recommendations or answer queries related to the user, referred to as 'personalization', and may be added to, or integrated with, any of a variety of distributed computer systems (102, 104, 106, 108) to add dynamic personalization capability thereto. The intelligent computer system (180) distributes it processes across the system as processors become available and as a function of the loads across the system. The intelligent computer system (180) includes a business command center (230) for generating and maintaining enterprise specific rules, which may be entered by a non-technical enteprise user. The system also includes a core (210) that serves as an operating system and includes functionality to evaluate which rules should be applied to a consumer and his session. An artificial intelligence system includes a machine learning system for generating and updating Bayesian models, using off-line and on-line processes, which are used by its inference system to make intelligent recommendations related to the user.",G06N 5/02; G06Q 30/00,"MANNA, INC.","RATSABY, Joel; BARNEA, Gad","60/134,105 14.05.1999 US",EP-2000930757
WO2018049084,PCT/US2017/050567,07.09.2017,WO/2018/049084,15.03.2018,WO,METHODS AND SYSTEMS FOR HUMAN IMPERCEPTIBLE COMPUTERIZED COLOR TRANSFER,"The present disclosure includes systems and methods for color transfer. The method includes receiving a target image, and determining dominant source colors. The method further includes transforming the target image into a color model including a target luminance component and a target color information component. Additionally, the method includes segmenting the target image into a plurality of target segments based on the target color information component or the target luminance component and extracting dominant target colors from the target image by extracting information for at least one of the dominant target colors from each target segment of the plurality of target segments. Further, the method includes generating a color mapping relationship between the dominant target colors and the dominant source colors, and creating a recolored target image using the color mapping relationship.",H04N 1/60; G06K 9/00; G06K 9/46; G06K 9/62,TRUSTEES OF TUFTS COLLEGE; THE BOARD OF REGENTS OF THE UNIVERSITY OF TEXAS SYSTEM,"PANETTA, Karen; BAO, Long; AGAIAN, Sos","62/384,419 07.09.2016 US",
WO2019086867,PCT/GB2018/053154,31.10.2018,WO/2019/086867,09.05.2019,WO,A COMPUTER IMPLEMENTED DETERMINATION METHOD AND SYSTEM,"A method for providing a computer implemented medical diagnosis, the method comprising: receiving an input from a user comprising at least one symptom of the user; providing the at least one symptom as an input to a medical model comprising: a probabilistic graphical model comprising probability distributions and relationships between symptoms and diseases; an inference engine configured to perform Bayesian inference on said probabilistic graphical model; and a discriminative model pre-trained to approximate the probabilistic graphical model, the discriminative model being trained using samples from said probabilistic graphical model, wherein some of the data of the samples has been masked to allow the deterministic model to produce data which is robust to the user providing incomplete information about their symptoms; deriving estimates of the probability of the user having a disease from the discriminative model; inputting the estimates to the inference engine; performing approximate inference on the probabilistic graphical model to obtain a prediction of the probability that the user has that disease; and outputting the probability of the user having the disease for display by a display device.",G06N 5/04; G06N 7/00; G16H 50/20; G06N 20/00; G06N 3/04; G16H 50/70; G06N 3/08,BABYLON PARTNERS LIMITED,"DOUGLAS, Laura Helen; ZAROV, Iliyan Radev; GOURGOULIAS, Konstantinos; LUCAS, Christopher; HART, Christopher Robert; BAKER, Adam Philip; SAHANI, Maneesh; PEROV, Iurii; JOHRI, Saurabh; MYSHKOV, Pavel; WALECKI, Robert",1718003.5 31.10.2017 GB; 1815800.6 27.09.2018 GB,
WO2019113308,PCT/US2018/064240,06.12.2018,WO/2019/113308,13.06.2019,WO,ACTIVE ADAPTATION OF NETWORKED COMPUTE DEVICES USING VETTED REUSABLE SOFTWARE COMPONENTS,"A method includes receiving a text description of a system capability request, and converting the text description into a normalized description of the system capability request. A repository is then queried, based on the normalized description and using a search algorithm, to identify multiple candidate application software units (ASUs). The candidate ASUs are displayed to a user for selection. The user-selected ASU is then deployed, either locally or to at least one remote compute device, in response to receiving the user selection. Deployment can include the user-selected candidate ASU being integrated into a local or remote software package, thus defining a modified software package that is configured to provide the system capability.",G06F 9/06; G06F 9/44; G06F 9/45; G06F 15/16; G06F 17/30; G06F 17/50,"FRANCHITTI, Jean-Claude","FRANCHITTI, Jean-Claude","62/594,922 05.12.2017 US",
EP14932152,07016599,24.08.2007,1921572,14.05.2008,EP,Method for training a system to specifically react on a specific input,"A method for training a system to specifically react on a specific input, comprising defining a set of binary data structures, whereas each data structure represents an abstract description of a certain type of a real-world component, item or a virtual object, comprising the features of said type of component, item or object per se, it's possible states, it's attributes, possible actions to be performed, and possible relationships between said components, items or virtual objects, storing each of the data structures directly as a binary pattern in a computer random access memory or a disk memory, creating uniquely identifiable copies of the binary data structures to represent an individual instance of said types of components, items or virtual objects, creating a virtual state space of said individual types of components, items or virtual objects by grouping them as relevant for the specific situation, receiving via keybord input, sensor devices or other technical means changes of status or attribute values of at least one of said components, items or virtual objects, storing said received changes as a new version of the respective data structure, representing the changed status and transition process of said individual components, items or virtual objects, analyzing similarities of said binary patterns stored in said random access memory or disk memory related to a particular action performed, searching for a match in said binary patterns of said data structures, and if at least one repeating binary pattern of said data structures is identified, at least one possible action related to the matched binary pattern is proposed",G06N 99/00,PUCHER MAX J,PUCHER MAX J,86507806 09.11.2006 US,
WO2013056343,PCT/CA2012/000911,01.10.2012,WO/2013/056343,25.04.2013,WO,"SYSTEM, METHOD AND COMPUTER PROGRAM FOR CORRECTING SPEECH RECOGNITION INFORMATION",A computer implemented speech recognition system and method is provided that improves the accuracy of output from one or more speech recognition systems by applying one or more data correction routines. A data correction routine is provided that includes information distance analysis of one or more sets of speech recognition information to a set of text elements related to the domain and stored to a database. The system and method generate as output corrected text elements related to a meaning intended by a user from whom the speech recognition information was captured.,G10L 21/02; G10L 15/10,"LI, Ming; TANG, Yang; WANG, Di","LI, Ming; TANG, Yang; WANG, Di","61/626,635 30.09.2011 US; 61/579,397 22.12.2011 US",
WO2004036546,PCT/GB2003/004111,15.09.2003,WO/2004/036546,29.04.2004,WO,CLASSIFICATION OF VECTORS IN NOISY CONDITIONS,"A method for vector classification employs a statistical method, the posterior union model, for signal processing and pattern classification in noisy conditions, requiring no knowledge about the noise characteristics. According to the method, avector X to be classified comprises N components, M of which are corrupt, and belongs to one of Q classes C1, C2, ..., CQ, and where XN-M denotes the subset of the (N-M) clean components in vector X, the method comprising the step of; performing a maximum a posteriori (MAP) probability decision to determine the class Ci to which the vector X is deemed to belong; wherein the largest modulus value of P (Ci | XN-M) , is determined for specific values of M and for specific Ci' s, and wherein P (XN-M | Ci) is calculated by performing a disjunction over all possible subsets of (N-M) components taken from X.",G06K 9/62; G10L 15/14; G10L 15/20,"THE QUEEN'S UNIVERSITY OF BELFAST; MING, Ji","MING, Ji",0224339.2 21.10.2002 GB,JP-null
WO1997033212,PCT/EP1997/001027,01.03.1997,WO/1997/033212,12.09.1997,WO,AUTONOMOUS MOBILE ROBOT SYSTEM FOR SENSOR-BASED AND MAP-BASED NAVIGATION IN PIPE NETWORKS,"The autonomous mobile robot system is provided with a sensor-based and map-based navigation system for navigating in a pipe network. The navigation is based on the classification of pre-existing natural landmarks. The navigation system can compensate for inaccurate robot system's motion control, sensor information, and landmark classification.",E03F 7/12; G05D 1/02,"GMD - FORSCHUNGSZENTRUM INFORMATIONSTECHNIK GMBH; KIRCHNER, Frank; HERTZBERG, Joachim","KIRCHNER, Frank; HERTZBERG, Joachim",96103453.5 06.03.1996 EP,US-09077610; EP-1997906146
EP29858094,10155045,01.03.2010,2363251,07.09.2011,EP,Robot with Behavioral Sequences on the basis of learned Petri Net Representations,"This invention relates to a computer system, a robot system, and a driver assistance system that is required to interact with its environment in order to recognize and anticipate tasks or to provide support or assistance or initiate actions. The invention also relates to a software program product for such a system. In general the invention can be used for purposes such as (intention) recognition, prediction or action generation (imitation/cooperation) which is applied in the above mentioned areas as well as computer games or agents therefore.",B25J 9/16,HONDA RES INST EUROPE GMBH,JANSSEN HERBERT; MORINGEN JAN; WACHSMUTH SVEN,EP20100155045  ; 10155045 01.03.2010 EP,
WO2012072445,PCT/EP2011/070631,22.11.2011,WO/2012/072445,07.06.2012,WO,METHOD AND APPARATUS OF COMMUNICATIONS,"A method of controlling a telecommunications network, the network comprising at least one device arranged for interaction as regards network configuration parameters is disclosed. Examples of learning systems and network optimization during run-time are provided facilitating adaptation to a system state.",H04W 24/02; H04L 12/24,"HUAWEI TECHNOLOGIES CO., LTD.; KOUDOURIDIS, George","KOUDOURIDIS, George",PCT/SE2010/000285 03.12.2010 SE; PCT/SE2010/000287 06.12.2010 SE,EP-2011794062
WO2019145951,PCT/IL2019/050098,23.01.2019,WO/2019/145951,01.08.2019,WO,AUTOMATED MONITORING OF MEDICAL IMAGING PROCEDURES,"A method for automated image capture of a body tissue in situ, comprising: providing an imaging device configured to transmit an image stream of a body tissue; and using at least one hardware processor for: receiving the image stream, identifying a medical accessory appearing in the image stream, and capturing multiple images of the body tissue, wherein (i) at least one of the images is captured before said identifying, and (ii) at least one of the images is captured at one or more specified times upon said identifying.",G06T 7/10; G06K 9/00; A61B 5/00,MOBILEODT LTD.,"BERNAT, Amir Shlomo; LEVITZ, David; BOLTON, Frank John; FERNANDES, Kelwin","62/620,579 23.01.2018 US; 62/689,991 26.06.2018 US",
WO2013155619,PCT/CA2013/000391,22.04.2013,WO/2013/155619,24.10.2013,WO,CONVERSATIONAL AGENT,"A method, system, and computer program product provide a conversation agent to process natural language queries expressed by a user and perform commands according to the derived intention of the user. A natural language processing (NLP) engine derives intent using conditional random fields to identify a domain and at least one task embodied in the query. The NLP may further identify one or more subdomains, and one or more entities related to the identified command. A template system creates a data structure for information relevant to the derived intent and passes a template to a services manager for interfacing with one or more services capable of accomplishing the task. A dialogue manager may elicit more entities from the user if required by the services manager and otherwise engage in conversation with the user. In one embodiment, the conversational agent allows a user to engage in multiple conversations simultaneously.",G06F 17/27; G06F 17/30; G10L 15/22,"PASUPALAK, Sam; PANTONY, Joshua R.; HSU, Wilson; WU, Zhiyuan; TREGENZA, Phil; SULEMAN, Kaheer; SIMPSON, James; McNAMARA, Andrew; ISMAIL, Tareq","PASUPALAK, Sam; PANTONY, Joshua R.; HSU, Wilson; WU, Zhiyuan; TREGENZA, Phil; SULEMAN, Kaheer; SIMPSON, James; McNAMARA, Andrew; ISMAIL, Tareq","61/636,444 20.04.2012 US",US-14394824; EP-2013777880
WO1997046929,PCT/US1997/009724,04.06.1997,WO/1997/046929,11.12.1997,WO,3-BRAIN ARCHITECTURE FOR AN INTELLIGENT DECISION AND CONTROL SYSTEM,"A method and system (100) for intelligent control of external devices using a mammalian brain-like structure having three parts. The method and system include a computer storage medium (19) for storing a computer program code which causes the computer (102) to implement a neural  network system which is an extension of the model-based adaptive critic design and is applicable to real-time control (e.g., robotic control) and real-time distributed control. Additional uses include data visualization, data mining, and other tasks requiring complex analysis of inter-relationships between data.",G05B 13/02; G06N 3/10,"WERBOS, Paul, J.","WERBOS, Paul, J.","60/019,154 04.06.1996 US",US-09147338
WO2017120336,PCT/US2017/012334,05.01.2017,WO/2017/120336,13.07.2017,WO,TRAINED NAVIGATIONAL SYSTEM WITH IMPOSED CONSTRAINTS,"Systems and methods are provided for navigating an autonomous vehicle using reinforcement learning techniques. In one implementation, a navigation system for a host vehicle may include at least one processing device programmed to: receive, from a camera, a plurality of images representative of an environment of the host vehicle; analyze the plurality of images to identify a navigational state associated with the host vehicle; provide the navigational state to a trained navigational system; receive, from the trained navigational system, a desired navigational action for execution by the host vehicle in response to the identified navigational state; analyze the desired navigational action relative to one or more predefined navigational constraints; determine an actual navigational action for the host vehicle, wherein the actual navigational action includes at least one modification of the desired navigational action determined based on the one or more predefined navigational constraints; and cause at least one adjustment of a navigational actuator of the host vehicle in response to the determined actual navigational action for the host vehicle.",G01C 21/34; B60W 30/09; G05D 1/00; G06N 3/00; G06K 9/00; G05D 1/02,MOBILEYE VISION TECHNOLOGIES LTD.,"SHALEV-SHWARTZ, Shai; STEIN, Gideon; TAIEB, Yoav; SHASHUA, Amnon; SHAMMAH, Shaked; BUBERMAN, Ori","62/274,883 05.01.2016 US; 62/275,046 05.01.2016 US; 62/354,946 27.06.2016 US; 62/360,600 11.07.2016 US; 62/361,352 12.07.2016 US; 62/373,153 10.08.2016 US; 62/378,554 23.08.2016 US; 62/396,462 19.09.2016 US; 62/406,604 11.10.2016 US; 62/415,135 31.10.2016 US; 62/436,097 19.12.2016 US; 62/437,953 22.12.2016 US",EP-2017701378
WO2017165693,PCT/US2017/023885,23.03.2017,WO/2017/165693,28.09.2017,WO,USE OF CLINICAL PARAMETERS FOR THE PREDICTION OF SIRS,"A system for disease prediction includes processing circuitry configured to receive a dataset including data of a patient population, the data including for each of a plurality of patients of the patient population, values for a plurality of features, and a diagnosis value indicating whether a disease has been diagnosed. The processing circuitry is configured to, based on correlations between the values, select from the dataset a plurality of subsets of the features, and, for each of at least one of the subsets, execute a machine learning process with the respective subset and the diagnosis values as input parameters, the execution generating a respective prediction model. The processing circuitry is configured to output the respective prediction model.",G01N 33/53; G01N 33/50; C12Q 1/68; G06F 19/00,"PEACH INTELLIHEALTH, INC.","HONG, L.S, Klaudyne; WOGAN, Gerald; VACCA, Luigi; TIDOR, Bruce","62/312,339 23.03.2016 US",SG-11201807719S; EP-2017771186; JP-2018549924
WO2017083504,PCT/US2016/061303,10.11.2016,WO/2017/083504,18.05.2017,WO,INTERACTION ASSISTANT,"An interaction assistant conducts multiple turn interaction dialogs with a user in which context is maintained between turns, and the system manages the dialog to achieve an inferred goal for the user. The system includes a linguistic interface to a user and a parser for processing linguistic events from the user. A dialog manager of the system is configured to receive alternative outputs from the parser, and selecting an action and causing the action to be performed based on the received alternative outputs. The system further includes a dialog state for an interaction with the user, and the alternative outputs represent alternative transitions from a current dialog state to a next dialog state. The system further includes a storage for a plurality of templates, and wherein each dialog state is defined in terms of an interrelationship of one or more instances of the templates.",G06F 17/27,"SEMANTIC MACHINES, INC.","ANDREAS, Jacob; BERG-KIRKPATRICK, Taylor D.; CHEN, Pengyu; COHEN, Jordan R.; GILLICK, Laurence S.; HALL, David Leo Wright; KLEIN, Daniel; NEWMAN, Michael; PAULS, Adam D.; ROTH, Daniel L.; RUSAK, Jesse Daniel Eskes; VOLPE, Andrew Robert; WEGMANN, Steven A.","62/254,438 12.11.2015 US",JP-2018525444; EP-2016801915
EP11172889,10151739,27.01.2010,2224371,01.09.2010,EP,Artificial vision system and method for knowledge-based selective visual analysis,"Generally the background of the present invention is the field of artificial vision systems, i.e. systems having a visual sensing means (e.g. a video camera) and a following processing stage implemented using a computing unit. The processing stage outputs a representation of the visually analysed scene, which output can then be fed to control different actors, such as e.g. parts of a vehicle (automobile, plane,...) or a robot, preferably an autonomous robot such as e.g. a humanoid robot.",G06K 9/00; G06K 9/68,HONDA RES INST EUROPE GMBH,EGGERT JULIAN; REBHAN SVEN,09153896 27.02.2009 EP; 10151739 27.01.2010 EP,
WO2010059235,PCT/US2009/006224,20.11.2009,WO/2010/059235,27.05.2010,WO,ALGORITHMS FOR SEQUENCE DETERMINATION,The present invention is generally directed to powerful and flexible methods and systems for consensus sequence determination from replicate biomolecule sequence data. It is an object of the present invention to improve the accuracy of consensus biomolecule sequence determination from replicate sequence data by providing methods for assimilating replicate sequence into a final consensus sequence more accurately than any one-pass sequence analysis system.,G06F 19/00,"PACIFIC BIOSCIENCES OF CALIFORNIA, INC.; SORENSON, Jon; TANG, Susan; MARKS, Patrick; CHIN, Chen-Shan","SORENSON, Jon; TANG, Susan; MARKS, Patrick; CHIN, Chen-Shan","61/116,439 20.11.2008 US",
WO2010075311,PCT/US2009/069061,21.12.2009,WO/2010/075311,01.07.2010,WO,MULTI-STAGE IMAGE PATTERN RECOGNIZER,"An image-based pattern recognizer and a method and apparatus for making such a pattern recognizer are disclosed. By employing positional coding, the meaning of any feature present in an image can be defined implicitly in space. The pattern recognizer can be a neural network including a plurality of stages of observers. The observers are configured to cooperate to identify the presence of features in the input image and to recognize a pattern in the input image based on the features. Each of the observers includes a plurality of neurons. The input image includes a plurality of units, and each of the observers is configured to generate a separate output set that includes zero or more coordinates of such units.",G06K 9/20; G06T 7/60; G06K 9/48; G06K 9/52,"FIVE APES, INC.; PAQUIER, Williams J. F.","PAQUIER, Williams J. F.","12/344,346 26.12.2008 US",
WO2020060603,PCT/US2019/037989,19.06.2019,WO/2020/060603,26.03.2020,WO,SUBSET CONDITIONING USING VARIATIONAL AUTOENCODER WITH A LEARNABLE TENSOR TRAIN INDUCED PRIOR,"The proposed model is a Variational Autoencoder having a learnable prior that is parametrized with a Tensor Train (VAE-TTLP). The VAE-TTLP can be used to generate new objects, such as molecules, that have specific properties and that can have specific biological activity (when a molecule). The VAE-TTLP can be trained in a way with the Tensor Train so that the provided data may omit one or more properties of the object, and still result in an object with a desired property.",G06N 3/00; G06N 3/02; G06N 3/04; G06N 3/06; G06N 3/08; G06N 3/10; G06N 3/12,"INSILICO MEDICINE, INC.","ALIPER, Aleksandr; ZAVORONKOVS, Aleksandrs; ZHEBRAK, Alexander; POLYKOVSKY, Daniil; KUZNETSOV, Maksim; IVANENKOV, Yan; VESELOV, Mark; ALADINSKIY, Vladimir; PUTIN, Evgeny; VOLKOV, Yuriy; ASADULAEV, Arip","16/134,624 18.09.2018 US",
WO2016115268,PCT/US2016/013279,13.01.2016,WO/2016/115268,21.07.2016,WO,DYNAMIC STATE-SPACE CHURN MODELING FOR CONTEXTUAL MARKETING BASED ON SUBSCRIBER CONTEXTUAL AND BEHAVIORAL FACTORS,"Subject innovations are directed towards a churn model using dynamic state-space modeling to determine churn risks for each active subscriber of a service provider having exhibited a precise sequence of behaviors. The churn model identifies complex behavioral patterns that are consistent with those of subscribers who have churned in a defined past, allowing for a personalized determination of churn risk. The churn model may also use static contextual data to assist in refinement of the churn model through identification of subscriber segments. A churn index is produced that may be used by an automated contextual marketing model to refine decision making for selectively marketing to a subscriber based, in part, on that individual subscriber's churn risk.",H04L 12/24; H04L 29/08,"AMPLERO, INC.","SHARP, Richard, Winslow, III; DOWNS, Oliver, B.; HERSCH, Jesse, S.; MEHANIAN, Courosh","14/596,764 14.01.2015 US",SG-11201705786X; AU-2016206789; MX-MX/a/2017/009196; EP-2016737830
WO2010075312,PCT/US2009/069062,21.12.2009,WO/2010/075312,01.07.2010,WO,METHOD AND APPARATUS FOR CREATING A PATTERN RECOGNIZER,"An image-based pattern recognizer and a method and apparatus for making such a pattern recognizer are disclosed. By employing positional coding, the meaning of any feature present in an image can be defined implicitly in space. The pattern recognizer can be a neural network including a plurality of stages of observers. The observers are configured to cooperate to identify the presence of features in the input image and to recognize a pattern in the input image based on the features. Each of the observers includes a plurality of neurons. The input image includes a plurality of units, and each of the observers is configured to generate a separate output set that includes zero or more coordinates of such units.",G06T 7/40; G06T 7/00,"FIVE APES, INC.; PAQUIER, Williams J. F.","PAQUIER, Williams J. F.","12/344,347 26.12.2008 US",
WO2010045272,PCT/US2009/060567,13.10.2009,WO/2010/045272,22.04.2010,WO,SMOOTHED SARSA: REINFORCEMENT LEARNING FOR ROBOT DELIVERY TASKS,"The present invention provides a method for learning a policy used by a computing system to perform a task, such delivery of one or more objects by the computing system. During a first time interval, the computing system determines a first state, a first action and a first reward value. As the computing system determines different states, actions and reward values during subsequent time intervals, a state description identifying the current sate, the current action, the current reward and a predicted action is stored. Responsive to a variance of a stored state description falling below a threshold value, the stored state description is used to modify one or more weights in the policy associated with the first state.",G06F 15/18,"HONDA MOTOR CO., LTD.; GUPTA, Rakesh; RAMACHANDRAN, Deepak","GUPTA, Rakesh; RAMACHANDRAN, Deepak","61/196,040 14.10.2008 US",
WO2018212941,PCT/US2018/029034,24.04.2018,WO/2018/212941,22.11.2018,WO,OPTIMIZING DIALOGUE POLICY DECISIONS FOR DIGITAL ASSISTANTS USING IMPLICIT FEEDBACK,"Systems and processes for optimizing dialogue policy decisions for digital assistants using implicit feedback are provided. In an example process, a user utterance is received. Based on a text representation of the user utterance, one or more user intents corresponding to the user utterance are determined. A policy action is selected from a plurality of candidate policy actions based on a belief state for the one or more user intents and a policy model. The policy action is performed, including outputting results of the policy action for presentation. A success score for the policy action is determined based on whether one or more predetermined types of implicit user feedback are detected after performing the policy action. A set of parameter values of the policy model is modified using the determined success score.",G10L 15/22; G10L 15/06; G10L 15/18; H04M 3/493; G06F 3/16; G06F 17/27,APPLE INC.,"THOMSON, Blaise; VANDYKE, David J.; FRAZZINGARO, Gennaro; FRIAS DELGADO, Silvia; GUNTER, Thomas; VOICE, Thomas David; HELGASON, Thorvaldur Pall; YOUNG, Stephen J.; Ó SÉAGHDHA, Diarmuid; KAPLAN, Dain","62/506,465 15.05.2017 US; PA 2017 70431 01.06.2017 DK; 15/678,059 15.08.2017 US",CN-201880031793.X; EP-2018723309
WO2004027706,PCT/US2003/029042,19.09.2003,WO/2004/027706,01.04.2004,WO,"COMPUTER PROGRAM PRODUCTS, SYSTEMS AND METHODS FOR INFORMATION DISCOVERY AND RELATIONAL ANALYSES","The present invention is a system, method for accessing domains of information to identify heretofore unknown relationships between disparate sources of data (7) to seek and obtain knowledge (18), the invention includes a source of data with one or more domains of information, an Object-Relationship Database (53) for integrating objects from one or more domains of information and a knowledge discovery engine (54) where relationships between two or more objects are identified, retrieved, grouped, ranked, filtered and numerically evaluated.",G06N 5/04,"BOARD OF REGENTS, UNIVERSITY OF TEXAS SYSTEM; GARNER, Harold, R.; WREN, Jonathan, D.","GARNER, Harold, R.; WREN, Jonathan, D.","60/412,398 20.09.2002 US",CN-03825294.5; EP-2003752386; CA-2499513; JP-2004537843; AU-2003270678
WO2018115963,PCT/IB2017/001684,21.12.2017,WO/2018/115963,28.06.2018,WO,NAVIGATIONAL SYSTEM WITH IMPOSED LIABILITY CONSTRAINTS,"Systems and methods are provided for navigating a host vehicle. In some embodiments, the system may include at least one processing device programmed to: receive, from an image capture device, at least one image representative of an environment of the host vehicle; determine, based on at least one driving policy, a planned navigational action for accomplishing a navigational goal of the host vehicle; analyze the at least one image to identify a target vehicle in the environment of the host vehicle; test the planned navigational action against at least one accident liability rule for determining potential accident liability for the host vehicle relative to the identified target vehicle; if the test of the planned navigational action against the at least one accident liability rule indicates that potential accident liability exists for the host vehicle if the planned navigational action is taken, then cause the host vehicle not to implement the planned navigational action; and if the test of the planned navigational action against the at least one accident liability rule indicates that no accident liability would result for the host vehicle if the planned navigational action is taken, then cause the host vehicle to implement the planned navigational action.",G01C 21/36; G05D 1/00; B60W 30/08; G01C 21/34,MOBILEYE VISION TECHNOLOGIES LTD.,"SHALEV-SHWARTZ, Shai; SHAMMAH, Shaked; SHASHUA, Amnon","62/438,563 23.12.2016 US; 62/546,343 16.08.2017 US; 62/565,244 29.09.2017 US; 62/582,687 07.11.2017 US",KR-1020197021476; EP-2017835865; CN-201780084515.6; JP-2019527180; IL-266725
WO2017218908,PCT/US2017/037900,16.06.2017,WO/2017/218908,21.12.2017,WO,METHODS AND SYSTEM FOR EPIGENETIC ANALYSIS,The present disclosure provides computational methods for epigenetic analysis as well as systems for implementing such analyses.,C12Q 1/68; G06F 19/18,THE JOHNS HOPKINS UNIVERSITY,"FEINBERG, Andrew, P.; GOUTSIAS, John; JENKINSON, William, G.; PUJADAS, Elisabet","62/351,056 16.06.2016 US",EP-2017814184; JP-2018566224; AU-2017285496
WO2018132614,PCT/US2018/013391,11.01.2018,WO/2018/132614,19.07.2018,WO,RULES-BASED NAVIGATION,"In one embodiment, a navigation system (100) for a host vehicle (200) may comprise, at least one processing device (110). The processing device (110) may be programmed to receive a plurality of images representative of an environment of the host vehicle (200). The processing device (110) may also be programmed to analyze the plurality of images to identify at least one navigational state of the host vehicle (200). The processing device (110) may also be programmed to identify a jurisdiction based on at least one indicator of a location of the host vehicle (200), the at least one indicator based at least in part on an analysis of the plurality of images. The processing device (110) may also be programmed to determine at least one navigational rule specific to the identified jurisdiction. The processing device (110) may also be programmed to cause a navigational change based on the identified navigational state and based on the determined at least one navigational rule.",G01C 21/36; G05D 1/02,MOBILEYE VISION TECHNOLOGIES LTD.,"SHALEV-SHWARTZ, Shai; SHASHUA, Amnon; STEIN, Gideon; SHAMMAH, Shaked; TAIEB, Yoav","62/445,500 12.01.2017 US; 62/546,343 16.08.2017 US; 62/565,244 29.09.2017 US; 62/582,687 07.11.2017 US",KR-1020197023466; CN-201880013023.2; EP-2018701918; JP-2019533493
